City_ID,City,Country,Date,Lat,Lng,Max Temp,Humidity,Cloudiness,Wind Speed
0,Vaitape,PF,2022-07-26 02:15:11,-16.5167,-151.75,77.41,76,88,9.42
1,Nikolskoye,RU,2022-07-26 02:15:12,59.7035,30.7861,59.81,90,80,2.33
2,Tetiyiv,UA,2022-07-26 02:15:12,49.3767,29.6647,56.3,92,0,5.7
3,Ushuaia,AR,2022-07-26 02:15:13,-54.8,-68.3,35.26,69,40,18.41
4,Mataura,NZ,2022-07-26 02:15:13,-46.1927,168.8643,46.47,97,100,10.85
5,Cape Town,ZA,2022-07-26 02:14:19,-33.9258,18.4232,58.37,71,0,4.61
6,Cayenne,GF,2022-07-26 02:15:14,4.9333,-52.3333,83.08,9,20,2.3
7,Hilo,US,2022-07-26 02:11:53,19.7297,-155.09,88.29,92,75,4.61
8,Puerto Ayora,EC,2022-07-26 02:15:14,-0.7393,-90.3518,70.56,94,98,5.01
9,Mahebourg,MU,2022-07-26 02:15:15,-20.4081,57.7,68.29,88,40,4.61
10,Kaabong,UG,2022-07-26 02:02:44,3.4836,34.1492,64.18,67,92,5.88
11,Kirkkonummi,FI,2022-07-26 02:15:16,60.1238,24.4385,67.05,86,100,10.11
12,Dwarka,IN,2022-07-26 02:15:16,22.2394,68.9678,82.53,80,100,18.52
13,Kayes,ML,2022-07-26 02:15:16,14.0,-11.0,75.06,92,100,5.41
14,Bluff,NZ,2022-07-26 02:15:17,-46.6,168.3333,46.8,89,100,27.04
15,Nador,MA,2022-07-26 02:10:43,35.174,-2.9287,79.05,73,0,2.3
16,Albany,US,2022-07-26 02:15:17,42.6001,-73.9662,71.37,64,0,8.52
17,Ransang,PH,2022-07-26 02:15:18,8.9603,117.5828,84.78,70,100,0.78
18,Rikitea,PF,2022-07-26 02:15:18,-23.1203,-134.9692,75.54,74,44,11.14
19,Kawalu,ID,2022-07-26 02:15:19,-7.3817,108.2082,74.86,68,88,3.78
20,Saint Anthony,US,2022-07-26 02:15:19,45.0205,-93.218,71.92,65,0,6.91
21,Bilma,NE,2022-07-26 02:15:20,18.6853,12.9164,86.54,20,20,11.34
22,Daru,PG,2022-07-26 02:10:37,-9.0763,143.2092,78.44,82,87,15.41
23,Clyde River,CA,2022-07-26 02:08:33,70.4692,-68.5914,38.97,85,99,3.56
24,Atuona,PF,2022-07-26 02:15:20,-9.8,-139.0333,77.67,68,0,9.55
25,Tuktoyaktuk,CA,2022-07-26 02:15:21,69.4541,-133.0374,60.8,72,75,20.71
26,Kuloy,RU,2022-07-26 02:15:21,61.0305,42.4925,55.18,86,19,3.91
27,Guerrero Negro,MX,2022-07-26 02:15:22,27.9769,-114.0611,70.5,78,5,15.93
28,Mackay,AU,2022-07-26 02:15:22,-21.15,149.2,76.68,72,3,5.57
29,Arraial Do Cabo,BR,2022-07-26 02:15:23,-22.9661,-42.0278,70.41,88,8,18.43
30,Laguna,US,2022-07-26 02:15:23,38.421,-121.4238,95.31,40,0,11.5
31,Lakes Entrance,AU,2022-07-26 02:15:23,-37.8811,147.981,56.16,72,100,15.66
32,Touros,BR,2022-07-26 02:12:47,-5.1989,-35.4608,72.9,83,83,14.52
33,Kodiak,US,2022-07-26 02:15:24,57.79,-152.4072,63.91,52,75,13.8
34,Cidreira,BR,2022-07-26 02:15:24,-30.1811,-50.2056,60.75,95,5,6.96
35,Tommot,RU,2022-07-26 02:08:42,58.9564,126.2925,84.11,47,64,5.3
36,Port Alfred,ZA,2022-07-26 02:15:25,-33.5906,26.891,49.17,86,0,14.25
37,Nizwa,OM,2022-07-26 02:15:25,22.9333,57.5333,82.8,69,100,2.13
38,Qaanaaq,GL,2022-07-26 02:15:19,77.484,-69.3632,41.58,68,0,1.59
39,Pevek,RU,2022-07-26 02:15:26,69.7008,170.3133,38.39,74,71,15.88
40,Georgetown,MY,2022-07-26 02:11:54,5.4112,100.3354,84.13,81,20,0.0
41,San Ramon,US,2022-07-26 02:15:27,37.7799,-121.978,79.38,64,0,14.97
42,Eidsvag,NO,2022-07-26 02:15:27,62.7767,8.0668,55.45,99,100,5.73
43,San Patricio,US,2022-07-26 02:15:27,28.017,-97.5169,85.53,66,32,14.79
44,East London,ZA,2022-07-26 02:15:28,-33.0153,27.9116,54.95,72,0,12.62
45,Busselton,AU,2022-07-26 02:15:28,-33.65,115.3333,61.88,80,100,19.62
46,Lerwick,GB,2022-07-26 02:15:29,60.1545,-1.1494,50.0,76,100,22.44
47,Safranbolu,TR,2022-07-26 02:15:29,41.2508,32.6942,58.21,82,0,0.87
48,Popondetta,PG,2022-07-26 02:15:30,-8.7537,148.2534,91.06,48,15,5.28
49,Vaini,TO,2022-07-26 02:16:30,-21.2,-175.2,77.16,88,20,11.5
50,Merrill,US,2022-07-26 02:13:58,45.1805,-89.6835,65.8,75,0,3.44
51,Port Hardy,CA,2022-07-26 02:16:31,50.6996,-127.4199,69.98,68,20,9.22
52,La Ronge,CA,2022-07-26 02:08:38,55.1001,-105.2842,63.09,55,90,3.31
53,Yellowknife,CA,2022-07-26 02:16:31,62.456,-114.3525,70.32,40,40,13.8
54,Longyearbyen,SJ,2022-07-26 02:16:32,78.2186,15.6401,48.04,81,75,12.66
55,Ilulissat,GL,2022-07-26 02:16:32,69.2167,-51.1,44.62,93,100,0.0
56,Leningradskiy,RU,2022-07-26 02:16:32,69.3833,178.4167,34.77,89,99,5.7
57,Hermanus,ZA,2022-07-26 02:16:32,-34.4187,19.2345,45.81,51,0,8.21
58,Altamira,BR,2022-07-26 02:15:42,-3.2033,-52.2064,74.95,76,12,2.64
59,Khrebtovaya,RU,2022-07-26 02:16:34,56.7032,104.2494,54.88,99,100,8.03
60,Nuevo Progreso,MX,2022-07-26 02:16:34,23.1667,-97.95,82.54,64,56,1.01
61,Chokurdakh,RU,2022-07-26 02:16:34,70.6333,147.9167,63.07,33,46,15.08
62,Khorixas,NA,2022-07-26 02:16:35,-20.3667,14.9667,58.15,38,27,1.97
63,Joensuu,FI,2022-07-26 02:16:35,62.6012,29.7632,63.09,94,0,6.91
64,Houma,US,2022-07-26 02:14:03,29.5958,-90.7195,81.0,86,0,3.44
65,Akdagmadeni,TR,2022-07-26 02:16:36,39.6603,35.8836,49.23,85,0,3.29
66,Punta Arenas,CL,2022-07-26 02:16:37,-53.15,-70.9167,32.11,74,20,10.36
67,Slave Lake,CA,2022-07-26 02:15:45,55.2834,-114.769,67.98,64,100,11.5
68,Ilheus,BR,2022-07-26 02:16:37,-14.7889,-39.0494,68.68,86,97,6.11
69,Winneba,GH,2022-07-26 02:16:19,5.3511,-0.6231,73.45,92,99,8.19
70,Padang,ID,2022-07-26 02:16:38,-0.9492,100.3543,77.05,84,100,3.76
71,Hobart,AU,2022-07-26 02:15:43,-42.8794,147.3294,59.05,77,40,8.05
72,Aleksandrov Gay,RU,2022-07-26 02:16:39,50.147,48.5704,67.59,71,92,3.58
73,Ust-Ilimsk,RU,2022-07-26 02:16:39,58.0006,102.6619,61.11,99,100,4.29
74,Geraldton,AU,2022-07-26 02:04:26,-28.7667,114.6,52.21,76,45,12.66
75,Goderich,CA,2022-07-26 02:16:40,43.7501,-81.7165,64.9,82,0,1.14
76,Cap Malheureux,MU,2022-07-26 02:16:40,-19.9842,57.6142,67.46,80,1,5.01
77,Dzaoudzi,YT,2022-07-26 02:16:41,-12.7887,45.2699,75.09,78,75,12.66
78,Kavaratti,IN,2022-07-26 02:16:41,10.5669,72.642,81.46,74,28,16.26
79,Pinhao,BR,2022-07-26 02:16:42,-25.6956,-51.6597,54.86,82,0,2.24
80,New Norfolk,AU,2022-07-26 02:16:42,-42.7826,147.0587,58.71,79,98,1.01
81,Nalut,LY,2022-07-26 02:16:43,30.3333,10.85,77.94,24,0,8.28
82,Zliv,CZ,2022-07-26 02:16:43,49.0661,14.3661,71.04,81,100,11.12
83,Half Moon Bay,US,2022-07-26 02:13:48,37.4636,-122.4286,75.02,77,20,18.41
84,Komsomolskiy,UZ,2022-07-26 02:16:44,40.4272,71.7189,86.72,26,0,6.91
85,Port Lincoln,AU,2022-07-26 02:07:25,-34.7333,135.8667,57.02,61,67,13.29
86,Saint-Pierre,RE,2022-07-26 02:16:44,-21.3393,55.4781,66.9,66,40,8.05
87,Benguela,AO,2022-07-26 02:16:45,-12.5763,13.4055,67.89,89,5,5.88
88,Portland,US,2022-07-26 02:15:32,45.5234,-122.6762,99.18,33,0,8.05
89,Walvis Bay,NA,2022-07-26 02:16:46,-22.9575,14.5053,54.09,93,74,3.44
90,Westport,US,2022-07-26 02:17:01,41.1415,-73.3579,80.85,93,0,3.44
91,Ossora,RU,2022-07-26 02:17:46,59.2353,163.0719,62.22,68,88,10.22
92,Airai,TL,2022-07-26 02:17:47,-8.9266,125.4092,71.82,36,15,4.32
93,Paita,PE,2022-07-26 02:17:47,-5.0892,-81.1144,64.44,88,62,13.35
94,Pemangkat,ID,2022-07-26 02:17:48,1.1667,108.9667,79.77,83,89,7.09
95,Iqaluit,CA,2022-07-26 02:17:48,63.7506,-68.5145,42.53,93,20,5.75
96,Dawlatabad,AF,2022-07-26 02:17:49,36.4141,64.9053,91.67,14,1,4.45
97,Xining,CN,2022-07-26 02:17:49,36.6167,101.7667,72.81,44,73,3.87
98,Cherskiy,RU,2022-07-26 02:17:07,68.75,161.3,57.61,38,56,14.12
99,Ballina,AU,2022-07-26 02:17:33,-28.8667,153.5667,74.01,64,0,8.68
100,Mar Del Plata,AR,2022-07-26 02:13:35,-38.0023,-57.5575,55.09,96,100,17.0
101,Tasiilaq,GL,2022-07-26 02:17:50,65.6145,-37.6368,41.16,89,100,2.44
102,Avarua,CK,2022-07-26 02:16:49,-21.2078,-159.775,71.65,68,75,5.75
103,Tuatapere,NZ,2022-07-26 02:08:41,-46.1333,167.6833,44.98,94,100,13.38
104,Pitelino,RU,2022-07-26 02:17:51,54.5777,41.8145,62.08,93,56,5.21
105,Limbang,MY,2022-07-26 02:17:51,4.75,115.0,84.31,68,100,2.04
106,Karpogory,RU,2022-07-26 02:17:52,64.0019,44.4451,51.93,75,100,2.75
107,Shahreza,IR,2022-07-26 02:17:10,32.0339,51.8794,74.08,36,5,4.23
108,Zboriv,UA,2022-07-26 02:17:52,49.6648,25.141,56.77,80,3,5.86
109,Fare,PF,2022-07-26 02:17:53,-16.7,-151.0167,78.13,74,81,10.74
110,Kapaa,US,2022-07-26 02:17:53,22.0752,-159.319,82.72,71,20,12.66
111,Rudnya,RU,2022-07-26 02:17:53,54.947,31.0934,55.56,96,2,5.32
112,Huilong,CN,2022-07-26 02:17:54,31.8111,121.655,84.56,78,66,11.97
113,Norman Wells,CA,2022-07-26 02:17:54,65.282,-126.8329,78.84,31,75,13.8
114,Havre,FR,2022-07-26 02:17:55,49.5833,0.3333,64.17,77,100,11.5
115,Usakos,NA,2022-07-26 02:17:55,-22.0,15.6,59.79,39,2,2.98
116,Kuryk,KZ,2022-07-26 02:17:56,43.2,51.65,72.99,73,1,7.74
117,Tondano,ID,2022-07-26 02:17:56,1.3038,124.9112,80.69,63,29,5.19
118,Bambous Virieux,MU,2022-07-26 02:17:56,-20.3428,57.7575,68.25,88,40,4.61
119,Blythe,US,2022-07-26 02:17:57,33.6103,-114.5964,100.85,27,0,9.22
120,Coquimbo,CL,2022-07-26 02:17:57,-29.9533,-71.3436,54.34,80,100,1.28
121,Faanui,PF,2022-07-26 02:17:58,-16.4833,-151.75,77.63,76,83,9.69
122,Retz,AT,2022-07-26 02:17:58,48.7494,15.9624,74.62,85,100,21.99
123,Chuy,UY,2022-07-26 02:17:59,-33.6971,-53.4616,57.06,97,100,6.49
124,Cedral,MX,2022-07-26 02:17:59,23.8,-100.7333,69.42,58,98,7.27
125,Tatishchevo,RU,2022-07-26 02:17:59,51.6703,45.5953,67.48,93,79,6.71
126,Mount Gambier,AU,2022-07-26 02:17:11,-37.8333,140.7667,53.51,62,100,21.85
127,Saint George,US,2022-07-26 02:13:17,37.1041,-113.5841,70.39,88,40,0.0
128,Pisco,PE,2022-07-26 02:17:44,-13.7,-76.2167,60.85,88,80,11.5
129,Kununurra,AU,2022-07-26 02:18:00,-15.7667,128.7333,84.18,17,58,14.97
130,Hasaki,JP,2022-07-26 02:18:01,35.7333,140.8333,82.8,82,100,20.42
131,Bredasdorp,ZA,2022-07-26 02:18:01,-34.5322,20.0403,46.94,63,0,4.94
132,Lagoa,PT,2022-07-26 02:08:28,39.05,-27.9833,73.18,91,0,9.73
133,Thompson,CA,2022-07-26 02:18:02,55.7435,-97.8558,60.96,94,75,0.0
134,Myitkyina,MM,2022-07-26 02:18:02,25.3833,97.4,81.82,79,58,0.87
135,Faya,SA,2022-07-26 02:18:03,18.3851,42.4509,62.71,54,100,8.77
136,Jamestown,US,2022-07-26 02:18:03,42.097,-79.2353,62.51,79,0,5.75
137,Karratha,AU,2022-07-26 02:19:04,-20.7377,116.8463,72.81,29,2,18.05
138,Lubango,AO,2022-07-26 02:19:04,-14.9172,13.4925,57.83,41,12,5.66
139,Maneadero,MX,2022-07-26 02:19:05,31.7167,-116.5667,69.1,78,11,1.01
140,Souillac,MU,2022-07-26 02:19:05,-20.5167,57.5167,68.38,88,40,4.61
141,Caravelas,BR,2022-07-26 02:19:05,-17.7125,-39.2481,68.63,87,8,5.21
142,Coihaique,CL,2022-07-26 02:19:06,-45.5752,-72.0662,24.75,93,0,2.3
143,Cockburn Town,TC,2022-07-26 02:19:06,21.4612,-71.1419,82.09,85,54,25.93
144,Ponta Do Sol,PT,2022-07-26 02:19:07,32.6667,-17.1,86.63,42,99,6.64
145,Turayf,SA,2022-07-26 02:19:07,31.6725,38.6637,73.65,53,0,4.61
146,Tual,ID,2022-07-26 02:19:08,-5.6667,132.75,79.38,83,45,22.06
147,Carnarvon,AU,2022-07-26 02:19:08,-24.8667,113.6333,65.43,36,0,7.23
148,Oranjemund,NA,2022-07-26 02:19:06,-28.55,16.4333,55.0,87,0,5.06
149,Naze,JP,2022-07-26 02:19:09,28.3667,129.4833,85.12,73,22,5.64
150,Hithadhoo,MV,2022-07-26 02:16:44,-0.6,73.0833,82.89,74,25,12.86
151,Kolokani,ML,2022-07-26 02:19:09,13.5728,-8.0339,75.06,84,50,5.46
152,Dikson,RU,2022-07-26 02:19:10,73.5069,80.5464,44.65,91,100,25.86
153,Kirakira,SB,2022-07-26 02:19:10,-10.4544,161.9205,84.07,74,25,8.93
154,Nola,IT,2022-07-26 02:19:11,40.922,14.5329,79.21,83,0,2.42
155,Aykhal,RU,2022-07-26 02:19:11,66.0,111.5,72.34,72,100,11.21
156,Buraydah,SA,2022-07-26 02:19:12,26.326,43.975,84.65,20,24,1.66
157,Tetouan,MA,2022-07-26 02:17:34,35.5711,-5.3724,86.77,30,0,11.5
158,Manta,EC,2022-07-26 02:19:12,-0.95,-80.7333,71.38,88,40,9.22
159,Cabedelo,BR,2022-07-26 02:19:13,-6.9811,-34.8339,72.27,82,29,12.57
160,Bulgan,MN,2022-07-26 02:19:13,48.8125,103.5347,55.08,91,100,3.87
161,Kudahuvadhoo,MV,2022-07-26 02:19:13,2.6708,72.8944,79.79,80,100,15.79
162,Minbu,MM,2022-07-26 02:19:14,20.1833,94.8833,87.3,60,16,1.43
163,Samarai,PG,2022-07-26 02:19:15,-10.6167,150.6667,79.86,75,95,16.17
164,Baykit,RU,2022-07-26 02:19:15,61.67,96.37,69.62,59,100,4.5
165,Neepawa,CA,2022-07-26 02:19:15,50.2289,-99.4664,66.6,90,100,7.58
166,Novo Aripuana,BR,2022-07-26 02:19:16,-5.1206,-60.3797,77.61,60,29,2.33
167,Namibe,AO,2022-07-26 02:19:16,-15.1961,12.1522,60.91,85,4,7.47
168,Villanueva,HN,2022-07-26 02:18:35,15.3167,-88.0,79.79,78,20,8.05
169,Saint-Augustin,CA,2022-07-26 02:19:17,51.226,-58.6502,59.23,99,100,2.21
170,Komsomolets,KZ,2022-07-26 02:19:17,53.7453,62.0708,67.28,77,100,4.29
171,Bethal,ZA,2022-07-26 02:19:18,-26.4579,29.4655,40.55,36,0,2.75
172,Alofi,NU,2022-07-26 02:19:18,-19.0595,-169.9187,76.89,65,75,16.11
173,Helong,CN,2022-07-26 02:19:19,42.5397,128.9972,82.49,64,98,2.28
174,Eidfjord,NO,2022-07-26 02:19:19,60.4675,7.0719,55.18,98,100,7.31
175,Andra,RU,2022-07-26 02:19:20,62.5147,65.8878,55.26,57,3,9.78
176,Rio Gallegos,AR,2022-07-26 02:19:20,-51.6226,-69.2181,26.65,80,0,6.91
177,Penzance,GB,2022-07-26 02:19:20,50.1186,-5.5371,61.48,72,100,12.26
178,Puerto Madero,MX,2022-07-26 02:19:21,14.7208,-92.4215,80.8,94,40,0.0
179,Severo-Kurilsk,RU,2022-07-26 02:16:28,50.6789,156.125,54.88,79,46,10.51
180,Castro,BR,2022-07-26 02:19:22,-24.7911,-50.0119,57.65,76,45,2.86
181,Lazaro Cardenas,MX,2022-07-26 02:19:23,17.9583,-102.2,78.71,85,99,3.13
182,Asau,RO,2022-07-26 02:20:23,46.4333,26.4,64.96,89,0,3.65
183,Urengoy,RU,2022-07-26 02:20:23,65.9667,78.3667,56.43,66,100,8.88
184,Masvingo,ZW,2022-07-26 02:20:24,-20.0637,30.8277,54.34,83,100,5.88
185,Pakxan,LA,2022-07-26 02:20:24,18.3778,103.6601,85.62,70,21,1.97
186,Polovinnoye,RU,2022-07-26 02:20:25,54.7914,65.9864,71.01,69,100,3.65
187,Rock Sound,BS,2022-07-26 02:20:25,24.9,-76.2,82.8,79,97,19.42
188,Redondela,ES,2022-07-26 02:20:25,42.2834,-8.6096,65.39,82,0,5.75
189,Alyangula,AU,2022-07-26 02:20:26,-13.8483,136.4192,78.48,60,0,11.7
190,Svetlyy,RU,2022-07-26 02:17:52,54.675,20.1347,64.45,67,99,10.54
191,Bath,GB,2022-07-26 02:20:26,51.3779,-2.3591,58.77,78,13,4.65
192,Havelock,US,2022-07-26 02:20:27,34.8791,-76.9013,82.35,89,0,13.8
193,Wanning,CN,2022-07-26 02:20:27,18.8003,110.3967,86.67,65,5,2.75
194,Saskylakh,RU,2022-07-26 02:20:28,71.9167,114.0833,73.71,62,93,7.0
195,Santa Rosa,PH,2022-07-26 02:20:28,14.3122,121.1114,89.02,67,100,2.44
196,Rapid Valley,US,2022-07-26 02:17:48,44.0625,-103.1463,79.72,55,0,3.44
197,Dingle,PH,2022-07-26 02:20:29,10.9995,122.6711,84.85,76,70,6.6
198,Brigantine,US,2022-07-26 02:20:29,39.4101,-74.3646,78.06,90,20,6.91
199,Avera,US,2022-07-26 02:20:30,33.194,-82.5271,81.91,64,100,4.59
200,Angoram,PG,2022-07-26 02:20:30,-4.0625,144.0661,88.88,59,48,4.07
201,Pinawa,CA,2022-07-26 02:15:44,50.1489,-95.8811,66.56,75,92,5.21
202,Puerto Pailas,BO,2022-07-26 02:20:31,-17.667,-62.7909,76.12,60,8,6.42
203,Haines Junction,CA,2022-07-26 02:20:31,60.7522,-137.5108,66.15,55,85,12.66
204,Brae,GB,2022-07-26 02:20:32,60.3964,-1.353,50.05,76,100,22.53
205,Zilair,RU,2022-07-26 02:19:12,52.2332,57.4392,60.44,83,100,4.81
206,Kahului,US,2022-07-26 02:20:32,20.8947,-156.47,86.02,62,40,21.85
207,Wukari,NG,2022-07-26 02:20:33,7.85,9.7833,73.38,91,100,7.0
208,Ostrovnoy,RU,2022-07-26 02:20:33,68.0531,39.5131,53.42,71,97,13.49
209,Puerto Narino,CO,2022-07-26 02:20:34,-3.7703,-70.3831,72.59,97,100,1.74
210,Ranong,TH,2022-07-26 02:20:34,9.9658,98.6348,84.13,76,98,2.62
211,Barrow,US,2022-07-26 02:20:35,71.2906,-156.7887,37.42,87,100,26.46
212,Bubaque,GW,2022-07-26 02:20:35,11.2833,-15.8333,78.37,81,94,10.78
213,Sambava,MG,2022-07-26 02:20:35,-14.2667,50.1667,67.73,85,37,9.35
214,Ericeira,PT,2022-07-26 02:20:36,38.9627,-9.4156,69.78,90,4,13.33
215,Ixtapa,MX,2022-07-26 02:20:36,20.7,-105.2,83.43,70,75,4.61
216,Chara,RU,2022-07-26 02:20:37,56.9064,118.2631,77.09,50,12,3.76
217,Butaritari,KI,2022-07-26 02:20:37,3.0707,172.7902,82.58,69,99,14.34
218,Ketchikan,US,2022-07-26 02:20:37,55.3422,-131.6461,66.67,72,20,12.66
219,San Cristobal,VE,2022-07-26 02:17:51,7.7669,-72.225,73.58,96,61,2.37
220,Ovalle,CL,2022-07-26 02:17:33,-30.5983,-71.2003,53.1,80,100,1.92
221,Dunedin,NZ,2022-07-26 02:18:11,-45.8742,170.5036,45.43,94,100,19.98
222,Kruisfontein,ZA,2022-07-26 02:20:39,-34.0033,24.7314,46.83,71,0,6.62
223,Sao Raimundo Das Mangabeiras,BR,2022-07-26 02:20:39,-7.0219,-45.4811,83.66,34,100,6.71
224,Coos Bay,US,2022-07-26 02:16:47,43.3665,-124.2179,77.31,93,100,8.05
225,Schweinfurt,DE,2022-07-26 02:20:40,50.05,10.2333,68.45,72,100,2.8
226,Cabo San Lucas,MX,2022-07-26 02:20:40,22.8909,-109.9124,88.9,70,0,17.27
227,Luwero,UG,2022-07-26 02:20:41,0.8492,32.4731,66.87,71,97,1.43
228,Vardo,NO,2022-07-26 02:21:41,70.3705,31.1107,53.73,90,100,13.44
229,Mamaku,NZ,2022-07-26 02:21:41,-38.1,176.0833,58.39,95,32,7.63
230,Isangel,VU,2022-07-26 02:16:55,-19.55,169.2667,74.84,88,98,13.27
231,Charters Towers,AU,2022-07-26 02:21:42,-20.1,146.2667,71.91,53,0,4.83
232,Vostok,RU,2022-07-26 02:17:25,46.4856,135.8833,69.01,78,98,2.15
233,Luena,AO,2022-07-26 02:21:43,-11.7833,19.9167,52.36,45,0,5.03
234,Dalbandin,PK,2022-07-26 02:21:43,28.8947,64.4101,83.5,58,100,8.81
235,Seoul,KR,2022-07-26 02:19:12,37.5683,126.9778,89.17,62,40,3.44
236,Lumphat,KH,2022-07-26 02:21:44,13.4878,106.9816,82.22,79,93,2.06
237,Rosarito,MX,2022-07-26 02:20:20,32.3333,-117.0333,75.67,77,41,7.94
238,Turtas,RU,2022-07-26 02:21:44,58.9417,69.1325,65.1,91,53,4.7
239,Black River,JM,2022-07-26 02:21:45,18.0264,-77.8487,80.06,82,100,6.29
240,The Valley,AI,2022-07-26 02:21:45,18.217,-63.0578,82.09,80,90,20.54
241,Kaitangata,NZ,2022-07-26 02:17:55,-46.2817,169.8464,44.85,93,100,17.6
242,Dargaville,NZ,2022-07-26 02:21:46,-35.9333,173.8833,57.33,84,80,20.8
243,Richards Bay,ZA,2022-07-26 02:21:46,-28.783,32.0377,55.06,79,3,5.1
244,Bahia Honda,CU,2022-07-26 02:21:47,22.9036,-83.1592,79.18,85,100,9.08
245,Los Llanos De Aridane,ES,2022-07-26 02:21:47,28.6585,-17.9182,71.35,78,0,14.97
246,Elko,US,2022-07-26 02:21:47,41.0002,-115.5012,91.42,6,5,11.99
247,Odienne,CI,2022-07-26 02:21:48,9.51,-7.5692,68.92,96,46,1.23
248,Manacapuru,BR,2022-07-26 02:21:48,-3.2997,-60.6206,78.01,70,5,4.29
249,Huarmey,PE,2022-07-26 02:21:49,-10.0681,-78.1522,63.36,85,100,9.57
250,Dicabisagan,PH,2022-07-26 02:21:49,17.0818,122.4157,87.06,67,99,1.92
251,Constantine,DZ,2022-07-26 02:21:50,36.365,6.6147,71.01,35,0,1.14
252,Ribeira Grande,PT,2022-07-26 02:21:50,38.5167,-28.7,74.35,90,10,5.3
253,Ancud,CL,2022-07-26 02:21:51,-41.8697,-73.8203,50.23,94,100,8.25
254,Fairlie,GB,2022-07-26 02:21:51,55.756,-4.8556,53.22,82,100,10.45
255,Grand-Santi,GF,2022-07-26 02:21:52,4.25,-54.3833,72.55,98,46,2.48
256,Ardino,BG,2022-07-26 02:21:52,41.5833,25.1333,64.33,72,0,3.8
257,Bengkulu,ID,2022-07-26 02:21:53,-3.8004,102.2655,77.85,73,100,1.74
258,Kaeo,NZ,2022-07-26 02:17:44,-35.1,173.7833,56.61,86,96,20.27
259,Talnakh,RU,2022-07-26 02:21:53,69.4865,88.3972,61.21,57,31,7.18
260,Shihezi,CN,2022-07-26 02:21:54,44.3,86.0333,82.45,17,0,7.29
261,Meiganga,CM,2022-07-26 02:21:54,6.5167,14.3,64.24,98,100,1.95
262,Tadine,NC,2022-07-26 02:21:54,-21.55,167.8833,73.18,68,21,13.2
263,Tiksi,RU,2022-07-26 02:21:55,71.6872,128.8694,51.69,79,84,4.32
264,Lebu,CL,2022-07-26 02:21:55,-37.6167,-73.65,53.29,86,11,26.22
265,Katangli,RU,2022-07-26 02:21:56,51.7102,143.2326,58.15,91,100,2.98
266,Beringovskiy,RU,2022-07-26 02:21:56,63.05,179.3167,45.27,83,100,5.88
267,Talaya,RU,2022-07-26 02:21:56,61.3833,152.75,73.04,31,15,7.9
268,Bethel,US,2022-07-26 02:21:57,41.3712,-73.414,79.16,89,20,0.0
269,Yinchuan,CN,2022-07-26 02:17:09,38.4681,106.2731,75.81,50,44,12.46
270,Constitucion,CL,2022-07-26 02:21:57,-35.3333,-72.4167,53.1,92,100,19.98
271,Marsa Matruh,EG,2022-07-26 02:21:58,31.3525,27.2453,75.4,83,0,10.36
272,Aklavik,CA,2022-07-26 02:17:47,68.2191,-135.0107,74.28,42,100,11.52
273,Springdale,US,2022-07-26 02:18:27,36.1867,-94.1288,91.51,45,0,6.91
274,Acapulco,MX,2022-07-26 02:21:59,16.8634,-99.8901,84.02,70,40,3.44
275,Petropavlovsk-Kamchatskiy,RU,2022-07-26 02:21:59,53.0452,158.6483,61.39,63,75,8.95
276,Darasun,RU,2022-07-26 02:22:59,51.6667,114.0,64.27,87,100,2.57
277,Port Elizabeth,ZA,2022-07-26 02:23:00,-33.918,25.5701,52.09,90,0,10.36
278,Port Blair,IN,2022-07-26 02:23:00,11.6667,92.75,86.04,79,40,6.91
279,Lavrentiya,RU,2022-07-26 02:23:01,65.5833,-171.0,41.25,83,100,18.75
280,Marzuq,YE,2022-07-26 02:23:01,14.4,46.4667,78.85,59,100,5.19
281,Torbay,CA,2022-07-26 02:23:02,47.6666,-52.7314,68.4,92,100,24.16
282,Upernavik,GL,2022-07-26 02:23:02,72.7868,-56.1549,38.64,89,80,9.86
283,Sitka,US,2022-07-26 02:19:57,57.0531,-135.33,57.09,94,100,3.44
284,Balabac,PH,2022-07-26 02:23:03,7.9868,117.0645,82.67,80,100,8.48
285,Gabu,GW,2022-07-26 02:23:03,12.2833,-14.2167,72.37,99,100,3.62
286,Bhind,IN,2022-07-26 02:23:03,26.5642,78.7883,81.77,75,46,5.68
287,Sampues,CO,2022-07-26 02:23:04,9.1836,-75.3817,74.1,94,96,6.53
288,Guaratinga,BR,2022-07-26 02:20:38,-16.5667,-39.5667,63.75,94,74,3.06
289,Paamiut,GL,2022-07-26 02:22:11,61.994,-49.6678,43.72,93,100,3.6
290,Puerto Escondido,MX,2022-07-26 02:23:05,15.85,-97.0667,81.43,65,75,4.61
291,Pag,HR,2022-07-26 02:23:05,44.445,15.0575,70.38,61,0,6.78
292,Nouakchott,MR,2022-07-26 02:23:06,18.0858,-15.9785,78.73,82,100,8.7
293,Pangnirtung,CA,2022-07-26 02:23:06,66.1451,-65.7125,45.77,80,32,4.92
294,Victoria,HK,2022-07-26 02:21:28,22.2855,114.1577,92.97,74,23,11.01
295,Jurado,CO,2022-07-26 02:23:07,7.1053,-77.7641,73.96,89,99,1.1
296,Parnaiba,BR,2022-07-26 02:23:07,-2.9047,-41.7767,79.07,78,99,9.01
297,Praya,CV,2022-07-26 02:23:07,14.9215,-23.5087,79.34,78,20,5.75
298,Kattivakkam,IN,2022-07-26 02:23:08,13.2167,80.3167,82.49,87,100,8.7
299,Porbandar,IN,2022-07-26 02:23:08,21.6422,69.6093,82.08,80,100,16.42
300,Ola,RU,2022-07-26 02:21:20,59.5833,151.2833,79.14,76,0,7.56
301,Denton,US,2022-07-26 02:22:49,33.2001,-97.1336,96.91,36,0,10.36
302,Aksu,CN,2022-07-26 02:23:09,41.1231,80.2644,87.4,20,0,6.89
303,Khatanga,RU,2022-07-26 02:23:09,71.9667,102.5,75.36,37,2,6.13
304,Blagoyevo,RU,2022-07-26 02:23:10,63.3667,47.9167,51.08,71,9,2.66
305,Nemuro,JP,2022-07-26 02:23:10,43.3236,145.575,66.24,84,6,7.61
306,Inza,RU,2022-07-26 02:23:11,53.8533,46.3586,58.91,95,7,4.7
307,Turukhansk,RU,2022-07-26 02:23:11,65.8167,87.9833,58.6,85,100,2.21
308,Wufeng,CN,2022-07-26 02:23:12,27.45,104.8333,71.26,72,55,4.36
309,Mamlyutka,KZ,2022-07-26 02:23:12,54.9375,68.5394,71.11,69,71,5.53
310,Anan,JP,2022-07-26 02:23:12,33.9167,134.65,89.38,72,69,6.2
311,Garden City,US,2022-07-26 02:21:06,42.3256,-83.331,73.35,60,40,5.75
312,Banyo,CM,2022-07-26 02:23:13,6.75,11.8167,63.54,98,100,1.45
313,Aitape,PG,2022-07-26 02:23:14,-3.1374,142.3475,85.82,68,21,10.45
314,Novoorsk,RU,2022-07-26 02:23:14,51.381,58.9813,68.65,53,100,2.04
315,Morondava,MG,2022-07-26 02:23:14,-20.2833,44.2833,69.3,72,96,9.55
316,Namatanai,PG,2022-07-26 02:23:15,-3.6667,152.4333,83.64,72,30,8.7
317,Fortuna,US,2022-07-26 02:23:15,40.5982,-124.1573,69.91,69,37,1.99
318,Kawambwa,ZM,2022-07-26 02:19:10,-9.7915,29.0791,58.35,59,35,6.78
319,Alice Springs,AU,2022-07-26 02:23:16,-23.7,133.8833,58.55,44,0,17.27
320,Celestun,MX,2022-07-26 02:23:17,20.8667,-90.4,81.64,77,57,14.18
321,Kavieng,PG,2022-07-26 02:23:17,-2.5744,150.7967,84.11,73,64,14.79
322,Hinton,CA,2022-07-26 02:22:27,53.4001,-117.5857,67.05,60,70,3.22
323,Pemberton,CA,2022-07-26 02:24:18,50.3164,-122.8027,91.54,43,22,2.53
324,Sao Filipe,CV,2022-07-26 02:24:18,14.8961,-24.4956,78.08,88,90,7.23
325,Banda Aceh,ID,2022-07-26 02:24:19,5.5577,95.3222,81.19,74,100,5.86
326,Provideniya,RU,2022-07-26 02:24:01,64.3833,-173.3,50.36,62,75,22.37
327,Tautira,PF,2022-07-26 02:24:19,-17.7333,-149.15,74.01,93,97,9.44
328,Abu Dhabi,AE,2022-07-26 02:24:20,24.4667,54.3667,98.71,47,100,11.5
329,Gizo,SB,2022-07-26 02:24:20,-8.103,156.8419,84.16,70,34,4.97
330,Inirida,CO,2022-07-26 02:24:20,3.8653,-67.9239,72.95,96,100,1.34
331,Kulhudhuffushi,MV,2022-07-26 02:24:21,6.6221,73.07,81.48,78,27,16.91
332,Kaili,ID,2022-07-26 02:24:21,-3.4626,120.2147,76.6,69,26,3.71
333,Nadvoitsy,RU,2022-07-26 02:24:22,63.8667,34.3167,58.75,82,98,7.54
334,Manokwari,ID,2022-07-26 02:24:22,-0.8667,134.0833,83.21,71,76,11.25
335,Rocha,UY,2022-07-26 02:24:23,-34.4833,-54.3333,59.4,97,100,11.18
336,Suntar,RU,2022-07-26 02:24:23,62.1444,117.6319,86.88,47,6,6.98
337,Wanlaweyn,SO,2022-07-26 02:24:24,2.6185,44.8938,70.83,90,90,12.66
338,Yenagoa,NG,2022-07-26 02:24:24,4.9247,6.2642,73.31,96,100,2.75
339,Hofn,IS,2022-07-26 02:23:28,64.2539,-15.2082,51.6,86,8,1.36
340,Chifeng,CN,2022-07-26 02:24:25,42.2683,118.9636,84.2,45,1,15.37
341,Margate,GB,2022-07-26 02:24:25,51.3813,1.3862,60.87,76,29,5.99
342,Banjarmasin,ID,2022-07-26 02:24:02,-3.3244,114.591,84.34,63,31,3.56
343,Shubarshi,KZ,2022-07-26 02:24:26,48.5872,57.1869,74.68,49,100,10.33
344,Sangar,RU,2022-07-26 02:24:26,63.9242,127.4739,74.19,59,11,11.39
345,Bathsheba,BB,2022-07-26 02:24:22,13.2167,-59.5167,81.21,94,75,12.66
346,Doha,QA,2022-07-26 02:20:39,25.2867,51.5333,93.09,59,0,9.22
347,Mikuni,JP,2022-07-26 02:24:27,36.2171,136.1519,84.11,73,15,5.35
348,Mutis,CO,2022-07-26 02:24:28,6.2262,-77.4044,76.17,89,98,1.21
349,Qaqortoq,GL,2022-07-26 02:24:28,60.7167,-46.0333,42.85,97,100,2.04
350,Pacific Grove,US,2022-07-26 02:23:28,36.6177,-121.9166,65.01,84,75,10.36
351,Te Anau,NZ,2022-07-26 02:24:29,-45.4167,167.7167,41.99,98,100,2.98
352,Porto Novo,BJ,2022-07-26 02:24:29,6.4965,2.6036,76.82,89,99,5.99
353,Saint-Leu,RE,2022-07-26 02:24:30,-21.15,55.2833,66.31,73,51,2.71
354,Bacsalmas,HU,2022-07-26 02:24:30,46.1265,19.3326,67.1,43,0,6.15
355,Nioro,GM,2022-07-26 02:24:30,13.35,-15.75,75.2,94,100,3.58
356,Ziro,IN,2022-07-26 02:24:31,27.6333,93.8333,57.94,97,100,0.87
357,Ndago,TZ,2022-07-26 02:24:31,-4.6,34.35,59.74,65,8,13.49
358,Jalu,LY,2022-07-26 02:24:32,29.0331,21.5482,80.87,28,0,8.21
359,Belle Fourche,US,2022-07-26 02:24:32,44.6714,-103.8522,80.31,56,87,5.28
360,Lac Du Bonnet,CA,2022-07-26 02:24:32,50.2536,-96.0612,66.67,79,99,5.14
361,Nyanguge,TZ,2022-07-26 02:24:33,-2.55,33.2,67.73,56,36,13.94
362,Flinders,AU,2022-07-26 02:24:33,-34.5833,150.8552,62.06,56,30,15.46
363,Puerto Madryn,AR,2022-07-26 02:23:23,-42.7692,-65.0385,46.72,95,99,7.94
364,Yamada,JP,2022-07-26 02:24:34,39.4667,141.95,81.07,77,37,5.06
365,Itatskiy,RU,2022-07-26 02:24:34,56.07,89.0369,57.87,86,49,7.56
366,Waddan,LY,2022-07-26 02:24:35,29.1614,16.139,77.27,41,0,4.25
367,Jutai,BR,2022-07-26 02:24:35,-5.1833,-68.9,76.89,80,78,2.44
368,Manono,CD,2022-07-26 02:24:36,-7.3,27.4167,75.33,38,100,5.06
369,Leshukonskoye,RU,2022-07-26 02:24:36,64.8989,45.7622,50.56,77,10,2.84
370,Mogadishu,SO,2022-07-26 02:25:37,2.0371,45.3438,75.56,83,88,18.01
371,Oussouye,SN,2022-07-26 02:25:37,12.485,-16.5469,76.37,91,99,4.92
372,Mollendo,PE,2022-07-26 02:25:37,-17.0231,-72.0147,60.03,85,78,8.08
373,Svobodnyy,RU,2022-07-26 02:25:38,51.4,128.1333,85.39,43,2,4.7
374,Floro,NO,2022-07-26 02:25:38,61.5996,5.0328,56.23,100,100,20.71
375,Nizhniy Odes,RU,2022-07-26 02:25:39,63.6445,54.856,50.29,69,6,6.2
376,Saint-Philippe,RE,2022-07-26 02:25:39,-21.3585,55.7679,65.79,83,59,11.41
377,Aasiaat,GL,2022-07-26 02:25:40,68.7098,-52.8699,38.05,97,100,7.63
378,Chingirlau,KZ,2022-07-26 02:25:40,51.095,54.0814,67.59,69,46,2.82
379,Lorengau,PG,2022-07-26 02:25:41,-2.0226,147.2712,82.85,76,92,8.03
380,Mayo,US,2022-07-26 02:25:41,38.8876,-76.5119,78.51,90,100,1.01
381,Kitimat,CA,2022-07-26 02:25:41,54.0524,-128.6534,83.91,55,6,4.41
382,Mahon,ES,2022-07-26 02:21:32,39.8885,4.2658,79.36,69,0,17.27
383,Yeppoon,AU,2022-07-26 02:25:42,-23.1333,150.7333,71.38,67,2,2.48
384,Gamba,GA,2022-07-26 02:25:43,-2.65,10.0,71.26,85,100,4.09
385,Hovd,MN,2022-07-26 02:25:43,48.0056,91.6419,60.96,36,0,4.52
386,Canas,CR,2022-07-26 02:25:43,10.4294,-85.0931,78.6,91,74,5.26
387,Nanortalik,GL,2022-07-26 02:25:11,60.1432,-45.2371,42.62,97,100,7.7
388,Tezu,IN,2022-07-26 02:25:44,27.9167,96.1667,80.37,89,91,1.59
389,Pangkalanbuun,ID,2022-07-26 02:25:45,-2.6833,111.6167,84.34,62,88,4.97
390,Biak,ID,2022-07-26 02:25:45,-0.9131,122.8766,80.65,74,58,6.85
391,Vysokogornyy,RU,2022-07-26 02:25:45,50.1167,139.15,66.88,87,88,4.25
392,Targu Jiu,RO,2022-07-26 02:25:46,45.05,23.2833,66.36,60,0,2.42
393,Noumea,NC,2022-07-26 02:25:46,-22.2763,166.4572,73.38,68,95,8.16
394,Billings,US,2022-07-26 02:24:03,45.7833,-108.5007,83.28,36,75,9.22
395,Bereda,ES,2022-07-26 02:25:47,43.2686,-7.5406,59.14,100,69,3.44
396,Chor,PK,2022-07-26 02:25:48,25.5167,69.7667,82.0,84,100,8.68
397,Tessalit,ML,2022-07-26 02:25:48,20.1986,1.0114,90.77,9,0,8.46
398,Benito Juarez,MX,2022-07-26 02:25:49,19.385,-99.165,64.22,73,100,9.22
399,Vozhega,RU,2022-07-26 02:25:49,60.4725,40.2213,55.85,96,16,3.74
400,Winnemucca,US,2022-07-26 02:21:37,40.973,-117.7357,96.85,7,0,5.75
401,La Union,PE,2022-07-26 02:25:50,-5.4,-80.75,66.99,79,37,14.83
402,Katsuura,JP,2022-07-26 02:23:02,35.1333,140.3,80.67,87,100,17.69
403,Zyryanovsk,KZ,2022-07-26 02:25:50,49.7386,84.2719,62.44,51,0,1.7
404,Codrington,AU,2022-07-26 02:25:51,-38.2667,141.9667,53.64,62,88,23.62
405,Hervey Bay,AU,2022-07-26 02:24:21,-25.2986,152.8535,65.32,75,0,8.95
406,Ngunguru,NZ,2022-07-26 02:25:51,-35.6167,174.5,58.95,76,57,20.51
407,Obo,CF,2022-07-26 02:25:52,5.3998,26.4869,68.47,95,91,3.51
408,Nabire,ID,2022-07-26 02:25:52,-3.3667,135.4833,77.63,90,100,5.08
409,Rezh,RU,2022-07-26 02:25:52,57.37,61.4043,67.15,88,29,1.68
410,Beihai,CN,2022-07-26 02:25:53,21.4833,109.1,87.62,68,5,9.35
411,Ponta Delgada,PT,2022-07-26 02:25:53,37.7333,-25.6667,75.51,88,40,3.44
412,Minab,IR,2022-07-26 02:25:54,27.1467,57.0801,89.92,66,100,2.3
413,Abu Samrah,SY,2022-07-26 02:26:54,35.3029,37.1841,73.11,33,0,6.46
414,Jalingo,NG,2022-07-26 02:26:55,8.8833,11.3667,72.9,92,100,7.49
415,Srednekolymsk,RU,2022-07-26 02:26:55,67.45,153.6833,64.29,31,83,13.18
416,Alpena,US,2022-07-26 02:26:56,45.0617,-83.4327,62.11,87,0,0.0
417,Chicama,PE,2022-07-26 02:26:56,-7.8447,-79.1469,59.54,85,39,5.55
418,Maldonado,UY,2022-07-26 02:26:56,-34.6667,-54.9167,57.22,96,100,12.44
419,Kovdor,RU,2022-07-26 02:26:57,67.5662,30.4758,54.45,84,100,4.32
420,Pueblo,US,2022-07-26 02:22:49,38.2545,-104.6091,74.79,84,100,11.5
421,Olafsvik,IS,2022-07-26 02:23:34,64.8945,-23.7142,51.48,76,100,6.96
422,Havre-Saint-Pierre,CA,2022-07-26 02:26:58,50.2334,-63.5986,64.76,100,100,4.61
423,Zavet,BG,2022-07-26 02:26:58,43.7667,26.6667,66.79,70,6,5.37
424,Gornopravdinsk,RU,2022-07-26 02:26:58,60.05,69.9,65.26,89,23,3.51
425,Esperance,AU,2022-07-26 02:26:59,-33.8667,121.9,57.74,51,3,21.16
426,Honningsvag,NO,2022-07-26 02:26:59,70.9821,25.9704,56.95,82,100,10.36
427,Konstantinovka,RU,2022-07-26 02:27:00,49.6167,127.9833,85.75,46,0,5.66
428,Metro,ID,2022-07-26 02:27:00,-5.1131,105.3067,79.32,82,74,3.42
429,Bukachacha,RU,2022-07-26 02:27:00,52.9833,116.9167,73.49,61,99,9.71
430,San Policarpo,PH,2022-07-26 02:27:01,12.1791,125.5072,85.68,66,89,5.97
431,Chadiza,ZM,2022-07-26 02:27:01,-14.0678,32.4392,53.44,68,1,5.99
432,Nigde,TR,2022-07-26 02:27:02,37.8333,34.75,54.41,61,0,4.5
433,Iquique,CL,2022-07-26 02:23:58,-20.2208,-70.1431,57.24,77,60,1.95
434,Gornyye Klyuchi,RU,2022-07-26 02:27:03,45.25,133.5,74.41,80,100,4.76
435,Moussoro,TD,2022-07-26 02:27:03,13.6408,16.4901,87.21,46,95,13.42
436,Pedernales,DO,2022-07-26 02:27:03,18.0384,-71.744,82.22,69,43,8.7
437,Krasnozerskoye,RU,2022-07-26 02:27:04,53.9828,79.2374,69.49,48,6,5.95
438,Maceio,BR,2022-07-26 02:24:04,-9.6658,-35.7353,72.84,88,40,5.75
439,Gat,IL,2022-07-26 02:27:04,31.61,34.7642,74.39,68,0,1.72
440,Zadonsk,RU,2022-07-26 02:27:05,52.3904,38.9261,62.1,95,100,6.51
441,Jaciara,BR,2022-07-26 02:26:39,-15.9653,-54.9683,72.37,39,0,2.62
442,Marana,US,2022-07-26 02:27:05,32.4367,-111.2254,85.17,83,100,9.22
443,Sorland,NO,2022-07-26 02:27:06,67.667,12.6934,53.46,90,100,17.18
444,Berlevag,NO,2022-07-26 02:27:06,70.8578,29.0864,57.0,89,100,14.05
445,Dalianwan,CN,2022-07-26 02:27:07,39.0286,121.695,82.44,65,0,8.95
446,Gradignan,FR,2022-07-26 02:27:07,44.7726,-0.6139,61.05,93,75,3.44
447,Steamboat Springs,US,2022-07-26 02:26:21,40.485,-106.8317,71.71,41,0,6.91
448,Lewiston,US,2022-07-26 02:27:08,44.1003,-70.2148,71.15,96,100,3.44
449,Hirara,JP,2022-07-26 02:23:38,24.8,125.2833,91.67,62,20,8.05
450,Kodar,IN,2022-07-26 02:27:09,16.9833,79.9667,78.19,86,100,6.62
451,Puerto Leguizamo,CO,2022-07-26 02:27:09,-0.1934,-74.7819,71.38,98,94,1.9
452,Yashiro,JP,2022-07-26 02:27:10,34.9167,134.9667,92.48,59,23,1.81
453,Am Timan,TD,2022-07-26 02:27:10,11.0297,20.2827,74.75,92,100,7.7
454,Lompoc,US,2022-07-26 02:27:11,34.6391,-120.4579,69.94,80,0,11.5
455,Atar,MR,2022-07-26 02:27:11,20.5169,-13.0499,91.09,42,99,5.14
456,Kortkeros,RU,2022-07-26 02:27:11,61.8106,51.5806,55.4,70,49,3.51
457,Kualakapuas,ID,2022-07-26 02:27:12,-3.0091,114.3876,85.03,65,53,3.78
458,Myrtle Beach,US,2022-07-26 02:27:12,33.6891,-78.8867,82.45,84,0,14.97
459,Coari,BR,2022-07-26 02:27:13,-4.085,-63.1414,79.18,67,61,3.18
460,Eureka,US,2022-07-26 02:28:13,40.8021,-124.1637,70.18,81,53,1.99
461,Camopi,GF,2022-07-26 02:28:14,3.1655,-52.3158,72.25,98,61,2.33
462,Hamadan,IR,2022-07-26 02:28:14,34.7992,48.5146,56.28,54,0,0.0
463,Mersin,TR,2022-07-26 02:28:14,36.862,34.6509,75.88,41,0,4.36
464,Silopi,TR,2022-07-26 02:28:15,37.2497,42.4694,82.35,16,0,4.74
465,Mbandaka,CD,2022-07-26 02:28:15,0.0487,18.2603,69.94,98,100,3.71
466,Tolentino,IT,2022-07-26 02:28:16,43.2126,13.2901,81.48,53,0,8.86
467,Mao,ES,2022-07-26 02:28:16,39.8885,4.2658,79.36,69,0,17.27
468,Zarasai,LT,2022-07-26 02:28:17,55.7333,26.25,55.0,91,28,4.12
469,Santa Isabel Do Rio Negro,BR,2022-07-26 02:24:31,-0.4139,-65.0192,73.26,98,89,1.39
470,Adre,TD,2022-07-26 02:28:17,13.4667,22.2,75.85,79,77,9.64
471,Puerto Del Rosario,ES,2022-07-26 02:28:18,28.5004,-13.8627,78.55,65,0,14.97
472,Netrakona,BD,2022-07-26 02:28:18,24.8833,90.7167,76.44,95,100,4.76
473,Saldanha,ZA,2022-07-26 02:24:06,-33.0117,17.9442,50.05,48,1,7.87
474,Atasu,KZ,2022-07-26 02:28:19,48.6814,71.6433,74.48,26,76,5.08
475,Sabang,ID,2022-07-26 02:23:19,5.8933,95.3214,80.69,79,100,10.74
476,Manicore,BR,2022-07-26 02:28:19,-5.8092,-61.3003,75.15,94,0,0.0
477,Victor Harbor,AU,2022-07-26 02:28:20,-35.5667,138.6167,57.99,63,58,13.78
478,Sale,MA,2022-07-26 02:28:20,34.0389,-6.8166,71.74,88,5,0.0
479,Kutum,SD,2022-07-26 02:28:21,14.2,24.6667,79.09,48,51,3.91
480,Jega,NG,2022-07-26 02:28:21,12.2175,4.3792,77.77,82,87,13.09
481,Suba,PH,2022-07-26 02:28:22,10.8438,121.0102,83.5,73,89,7.47
482,Urucara,BR,2022-07-26 02:28:22,-2.5364,-57.76,75.42,77,0,2.82
483,Salinopolis,BR,2022-07-26 02:28:23,-0.6136,-47.3561,78.91,84,100,9.33
484,Santiago Del Estero,AR,2022-07-26 02:24:29,-27.7951,-64.2615,73.36,60,21,5.75
485,Perth,AU,2022-07-26 02:26:59,-31.9333,115.8333,62.04,53,40,13.8
486,Yatou,CN,2022-07-26 02:28:23,37.15,122.3833,80.98,65,28,8.59
487,Port Moresby,PG,2022-07-26 02:28:24,-9.4431,147.1797,89.02,58,40,23.02
488,Pemba,MZ,2022-07-26 02:28:24,-12.974,40.5178,66.9,94,40,5.75
489,Mazagao,BR,2022-07-26 02:28:25,-0.115,-51.2894,74.19,96,99,3.53
490,Kinango,KE,2022-07-26 02:28:25,-4.1372,39.3153,65.52,97,87,5.39
491,Pilar,BR,2022-07-26 02:28:20,-9.5972,-35.9567,71.53,88,20,2.19
492,Anju,KP,2022-07-26 02:28:26,39.6178,125.6647,81.79,73,100,1.07
493,Salalah,OM,2022-07-26 02:28:26,17.0151,54.0924,75.29,100,100,8.05
494,Boca Do Acre,BR,2022-07-26 02:28:27,-8.7522,-67.3978,75.29,70,31,0.85
495,Ajdabiya,LY,2022-07-26 02:28:27,30.7554,20.2263,77.45,71,0,11.01
496,Tongzi,CN,2022-07-26 02:28:27,28.7829,105.0877,86.11,80,17,1.92
497,Montrose,US,2022-07-26 02:28:28,38.4166,-108.2673,63.97,67,79,5.97
498,Atambua,ID,2022-07-26 02:28:28,-9.1061,124.8925,81.09,48,59,1.03
499,Umea,SE,2022-07-26 02:28:29,63.8284,20.2597,62.53,100,100,12.66
500,Auki,SB,2022-07-26 02:28:29,-8.7676,160.7034,86.65,61,17,4.36
501,Dergachi,RU,2022-07-26 02:28:30,51.2328,48.7659,63.41,86,14,5.88
502,Rawson,AR,2022-07-26 02:28:30,-43.3002,-65.1023,45.23,95,100,6.58
503,Micheweni,TZ,2022-07-26 02:28:30,-4.9667,39.8333,73.47,81,75,11.88
504,Narsaq,GL,2022-07-26 02:28:31,60.9167,-46.05,52.02,91,100,1.14
505,Barsovo,RU,2022-07-26 02:28:31,61.1667,73.1667,64.53,78,100,4.32
506,Oktyabrskoye,RU,2022-07-26 02:29:32,43.0645,44.7417,57.34,93,0,6.71
507,Quatre Cocos,MU,2022-07-26 02:29:32,-20.2078,57.7625,68.11,77,10,9.55
508,Tres Passos,BR,2022-07-26 02:29:32,-27.4556,-53.9319,62.67,82,0,4.97
509,Peniche,PT,2022-07-26 02:29:33,39.3558,-9.3811,66.11,93,2,14.0
510,Soltsy,RU,2022-07-26 02:29:33,58.1239,30.3238,56.79,94,60,0.74
511,Novobirilyussy,RU,2022-07-26 02:29:34,56.9514,90.6661,58.26,85,68,5.17
512,Shakhtinsk,KZ,2022-07-26 02:29:34,49.71,72.5872,74.77,32,0,9.62
513,Flin Flon,CA,2022-07-26 02:29:34,54.7682,-101.865,66.04,50,45,7.87
514,Elban,RU,2022-07-26 02:29:35,50.1018,136.5094,67.35,82,94,2.33
515,Klaksvik,FO,2022-07-26 02:29:35,62.2266,-6.589,47.32,84,40,9.19
516,Kiunga,PG,2022-07-26 02:29:36,-6.1219,141.2906,81.32,81,65,6.15
517,Okato,NZ,2022-07-26 02:29:36,-39.2,173.8833,57.18,87,99,25.99
518,Humaita,BR,2022-07-26 02:29:37,-7.5061,-63.0208,76.96,47,8,2.19
519,Tura,IN,2022-07-26 02:29:37,25.5198,90.2201,74.39,97,100,3.78
520,Verkh-Usugli,RU,2022-07-26 02:29:38,52.7,115.1667,59.61,98,100,3.06
521,Henties Bay,NA,2022-07-26 02:29:38,-22.116,14.2845,54.1,94,7,5.08
522,Kastamonu,TR,2022-07-26 02:29:38,41.5,33.6667,52.88,79,1,1.81
523,Riyadh,SA,2022-07-26 02:28:28,24.6877,46.7219,91.54,21,94,6.82
524,Antofagasta,CL,2022-07-26 02:29:39,-23.65,-70.4,56.48,84,33,3.78
525,Igurusi,TZ,2022-07-26 02:29:40,-8.85,33.85,56.79,83,18,3.91
526,Brun,AM,2022-07-26 02:29:40,39.5349,46.3073,52.79,89,5,2.39
527,Anchorage,US,2022-07-26 02:25:30,61.2181,-149.9003,67.64,64,100,20.71
528,Mountain Home,US,2022-07-26 02:29:41,43.133,-115.6912,92.68,8,0,16.11
529,Rio Grande,BR,2022-07-26 02:29:41,-32.035,-52.0986,60.94,98,96,6.62
530,Pangoa,PE,2022-07-26 02:29:41,-12.1167,-73.0,66.72,99,82,2.57
531,Russell,US,2022-07-26 02:29:42,32.3502,-85.1999,79.83,78,20,4.61
532,Gweta,BW,2022-07-26 02:29:42,-20.1833,25.2333,55.83,68,8,8.63
533,Deputatskiy,RU,2022-07-26 02:29:43,69.3,139.9,63.43,57,99,5.73
534,Yerbogachen,RU,2022-07-26 02:29:43,61.2767,108.0108,78.6,64,33,11.45
535,Rumoi,JP,2022-07-26 02:29:44,43.9344,141.6428,75.34,69,11,3.2
536,Plouzane,FR,2022-07-26 02:29:44,48.3833,-4.6167,61.12,91,100,6.91
537,Chapais,CA,2022-07-26 02:29:44,49.7834,-74.8492,55.18,95,100,9.4
538,Baruun-Urt,MN,2022-07-26 02:29:45,46.6806,113.2792,64.81,77,100,7.29
539,Itupiranga,BR,2022-07-26 02:29:45,-5.1347,-49.3267,75.52,61,19,2.1
540,Caledonia,US,2022-07-26 02:29:46,42.8078,-87.9242,68.02,72,0,8.05
541,Nouadhibou,MR,2022-07-26 02:29:46,20.931,-17.0347,82.38,74,26,11.5
542,Shangzhi,CN,2022-07-26 02:29:46,45.2167,127.9667,80.71,67,40,3.78
543,Sebring,US,2022-07-26 02:29:47,27.4956,-81.4409,79.9,91,0,5.75
544,Buala,SB,2022-07-26 02:29:47,-8.145,159.5921,84.79,70,19,8.3
545,Kristiinankaupunki,FI,2022-07-26 02:29:48,62.2743,21.376,62.02,93,100,17.74
546,Nome,US,2022-07-26 02:29:48,64.5011,-165.4064,55.17,94,100,6.91
547,Pahrump,US,2022-07-26 02:29:48,36.2083,-115.9839,84.31,67,100,9.35
548,Menongue,AO,2022-07-26 02:29:16,-14.6585,17.691,52.05,44,0,5.55
549,Antalaha,MG,2022-07-26 02:29:49,-14.9003,50.2788,66.2,85,76,6.08
550,Zhanaozen,KZ,2022-07-26 02:29:50,43.3,52.8,69.44,64,0,7.81
551,Patos,BR,2022-07-26 02:29:50,-7.0244,-37.28,70.75,70,19,13.2
552,Anadyr,RU,2022-07-26 02:29:50,64.75,177.4833,50.5,76,40,4.47
553,Beloha,MG,2022-07-26 02:30:51,-25.1667,45.05,60.85,84,7,4.97
554,Broome,US,2022-07-26 02:30:51,42.2506,-75.833,64.8,87,0,8.05
555,Karpathos,GR,2022-07-26 02:30:52,35.507,27.2132,75.16,83,0,31.07
556,Honiara,SB,2022-07-26 02:30:52,-9.4333,159.95,86.13,67,21,7.54
557,Rubtsovsk,RU,2022-07-26 02:30:53,51.5,81.25,74.23,34,0,7.36
558,Gilgit,PK,2022-07-26 02:30:53,35.9221,74.3087,82.27,65,23,3.44
559,Ouadda,CF,2022-07-26 02:30:53,8.0777,22.4007,66.49,98,63,2.39
560,Bay Roberts,CA,2022-07-26 02:30:54,47.5999,-53.2648,69.15,92,100,8.01
561,Copiapo,CL,2022-07-26 02:30:54,-27.3667,-70.3333,47.89,68,1,0.18
562,Lupiro,TZ,2022-07-26 02:30:55,-8.3833,36.6667,67.64,70,83,3.4
563,Ostersund,SE,2022-07-26 02:30:55,63.1792,14.6357,57.65,100,75,8.05
564,Bandarbeyla,SO,2022-07-26 02:30:56,9.4942,50.8122,77.88,67,100,26.62
565,Yushan,CN,2022-07-26 02:30:56,31.3776,120.9543,93.09,51,39,6.04
566,Qui Nhon,VN,2022-07-26 02:29:08,13.7667,109.2333,84.94,67,100,0.31
567,Alta Floresta,BR,2022-07-26 02:30:57,-9.8756,-56.0861,71.28,45,98,3.89
568,San Carlos,VE,2022-07-26 02:30:57,9.6612,-68.5827,72.07,95,39,2.51
569,Batagay,RU,2022-07-26 02:30:58,67.6333,134.6333,79.41,40,67,4.72
570,Abnub,EG,2022-07-26 02:30:58,27.2696,31.1511,80.82,23,0,4.36
571,Barra Dos Coqueiros,BR,2022-07-26 02:30:59,-10.9089,-37.0386,71.62,94,20,2.3
572,Altay,CN,2022-07-26 02:30:59,47.8667,88.1167,72.3,25,0,4.59
573,Naliya,IN,2022-07-26 02:31:00,23.2667,68.8333,83.23,78,100,15.32
574,Newport,GB,2022-07-26 02:31:00,51.5877,-2.9984,58.82,84,30,7.14
575,Espanola,US,2022-07-26 02:31:00,35.9911,-106.0806,75.96,50,100,4.0
576,Maun,BW,2022-07-26 02:31:01,-19.9833,23.4167,57.16,44,0,6.91
577,Meulaboh,ID,2022-07-26 02:31:02,4.1363,96.1285,76.59,90,100,3.06
578,Port Keats,AU,2022-07-26 02:31:02,-14.25,129.55,88.79,26,19,3.38
579,San Quintin,MX,2022-07-26 02:31:03,30.4833,-115.95,67.62,83,1,8.97
580,Les Ponts-De-Ce,FR,2022-07-26 02:31:03,47.4231,-0.5248,61.07,89,69,4.03
581,Vikevag,NO,2022-07-26 02:31:03,59.0976,5.6969,53.69,91,100,7.0
582,Bud,US,2022-07-26 02:31:04,39.447,-86.1758,75.18,84,100,3.2
